{
  "Logistic Regression": {
    "accuracy": 0.9286,
    "precision": 0.9167,
    "recall": 0.9506,
    "f1": 0.9333,
    "auc_roc": 0.986,
    "cv_f1_mean": 0.9527,
    "cv_f1_std": 0.0136,
    "confusion_matrix": [
      [
        66,
        7
      ],
      [
        4,
        77
      ]
    ],
    "roc_fpr": [
      0.0,
      0.0,
      0.0,
      0.0,
      0.0,
      0.0,
      0.0,
      0.0136986301369863,
      0.0136986301369863,
      0.0273972602739726,
      0.0273972602739726,
      0.0547945205479452,
      0.0547945205479452,
      0.0684931506849315,
      0.0684931506849315,
      0.0958904109589041,
      0.0958904109589041,
      0.136986301369863,
      0.136986301369863,
      0.1917808219178082,
      0.1917808219178082,
      0.3835616438356164,
      0.410958904109589,
      0.5342465753424658,
      0.6027397260273972,
      0.6164383561643836,
      0.6438356164383562,
      1.0
    ],
    "roc_tpr": [
      0.0,
      0.012345679012345678,
      0.1728395061728395,
      0.19753086419753085,
      0.30864197530864196,
      0.345679012345679,
      0.7160493827160493,
      0.7160493827160493,
      0.8148148148148148,
      0.8148148148148148,
      0.8765432098765432,
      0.8765432098765432,
      0.9135802469135802,
      0.9135802469135802,
      0.9506172839506173,
      0.9506172839506173,
      0.9753086419753086,
      0.9753086419753086,
      0.9876543209876543,
      0.9876543209876543,
      1.0,
      1.0,
      1.0,
      1.0,
      1.0,
      1.0,
      1.0,
      1.0
    ]
  },
  "LASSO": {
    "accuracy": 0.9156,
    "precision": 0.9146,
    "recall": 0.9259,
    "f1": 0.9202,
    "auc_roc": 0.9865,
    "cv_f1_mean": 0.9419,
    "cv_f1_std": 0.0274,
    "confusion_matrix": [
      [
        66,
        7
      ],
      [
        6,
        75
      ]
    ],
    "roc_fpr": [
      0.0,
      0.0,
      0.0,
      0.0,
      0.0,
      0.0,
      0.0,
      0.0547945205479452,
      0.0547945205479452,
      0.0821917808219178,
      0.0821917808219178,
      0.0958904109589041,
      0.0958904109589041,
      0.1095890410958904,
      0.1095890410958904,
      0.136986301369863,
      0.136986301369863,
      0.3972602739726027,
      0.4794520547945205,
      0.5068493150684932,
      0.7808219178082192,
      0.8082191780821918,
      1.0
    ],
    "roc_tpr": [
      0.0,
      0.012345679012345678,
      0.2345679012345679,
      0.2716049382716049,
      0.48148148148148145,
      0.5061728395061729,
      0.8518518518518519,
      0.8518518518518519,
      0.8888888888888888,
      0.8888888888888888,
      0.9012345679012346,
      0.9012345679012346,
      0.9506172839506173,
      0.9506172839506173,
      0.9876543209876543,
      0.9876543209876543,
      1.0,
      1.0,
      1.0,
      1.0,
      1.0,
      1.0,
      1.0
    ]
  },
  "Ridge": {
    "accuracy": 0.9156,
    "precision": 0.925,
    "recall": 0.9136,
    "f1": 0.9193,
    "auc_roc": 0.9855,
    "cv_f1_mean": 0.9475,
    "cv_f1_std": 0.0163,
    "confusion_matrix": [
      [
        67,
        6
      ],
      [
        7,
        74
      ]
    ],
    "roc_fpr": [
      0.0,
      0.0,
      0.0,
      0.0,
      0.0,
      0.0,
      0.0,
      0.0136986301369863,
      0.0136986301369863,
      0.0273972602739726,
      0.0273972602739726,
      0.0410958904109589,
      0.0410958904109589,
      0.0547945205479452,
      0.0547945205479452,
      0.0958904109589041,
      0.0958904109589041,
      0.1095890410958904,
      0.1095890410958904,
      0.1643835616438356,
      0.1643835616438356,
      0.1780821917808219,
      0.1780821917808219,
      0.2328767123287671,
      0.2602739726027397,
      0.4520547945205479,
      0.5342465753424658,
      0.5616438356164384,
      1.0
    ],
    "roc_tpr": [
      0.0,
      0.012345679012345678,
      0.2716049382716049,
      0.30864197530864196,
      0.4074074074074074,
      0.43209876543209874,
      0.8024691358024691,
      0.8024691358024691,
      0.8271604938271605,
      0.8271604938271605,
      0.8395061728395061,
      0.8395061728395061,
      0.8765432098765432,
      0.8765432098765432,
      0.9135802469135802,
      0.9135802469135802,
      0.9629629629629629,
      0.9629629629629629,
      0.9753086419753086,
      0.9753086419753086,
      0.9876543209876543,
      0.9876543209876543,
      1.0,
      1.0,
      1.0,
      1.0,
      1.0,
      1.0,
      1.0
    ]
  },
  "CART": {
    "accuracy": 0.974,
    "precision": 0.9529,
    "recall": 1.0,
    "f1": 0.9759,
    "auc_roc": 0.9925,
    "cv_f1_mean": 0.9613,
    "cv_f1_std": 0.0158,
    "confusion_matrix": [
      [
        69,
        4
      ],
      [
        0,
        81
      ]
    ],
    "roc_fpr": [
      0.0,
      0.0136986301369863,
      0.0547945205479452,
      1.0
    ],
    "roc_tpr": [
      0.0,
      0.9753086419753086,
      1.0,
      1.0
    ],
    "best_params": {
      "max_depth": 3,
      "min_samples_leaf": 5
    }
  },
  "Random Forest": {
    "accuracy": 0.961,
    "precision": 0.963,
    "recall": 0.963,
    "f1": 0.963,
    "auc_roc": 0.9948,
    "cv_f1_mean": 0.9633,
    "cv_f1_std": 0.0232,
    "confusion_matrix": [
      [
        70,
        3
      ],
      [
        3,
        78
      ]
    ],
    "roc_fpr": [
      0.0,
      0.0,
      0.0,
      0.0,
      0.0,
      0.0,
      0.0,
      0.0,
      0.0,
      0.0136986301369863,
      0.0136986301369863,
      0.0273972602739726,
      0.0273972602739726,
      0.0410958904109589,
      0.0410958904109589,
      0.1232876712328767,
      0.1232876712328767,
      0.726027397260274,
      0.7534246575342466,
      0.8082191780821918,
      0.9452054794520548,
      1.0
    ],
    "roc_tpr": [
      0.0,
      0.012345679012345678,
      0.037037037037037035,
      0.12345679012345678,
      0.16049382716049382,
      0.18518518518518517,
      0.19753086419753085,
      0.2222222222222222,
      0.8148148148148148,
      0.8148148148148148,
      0.9259259259259259,
      0.9259259259259259,
      0.9506172839506173,
      0.9506172839506173,
      0.9876543209876543,
      0.9876543209876543,
      1.0,
      1.0,
      1.0,
      1.0,
      1.0,
      1.0
    ],
    "best_params": {
      "max_depth": 5,
      "n_estimators": 100
    }
  },
  "LightGBM": {
    "accuracy": 0.987,
    "precision": 0.9759,
    "recall": 1.0,
    "f1": 0.9878,
    "auc_roc": 0.9927,
    "cv_f1_mean": 0.9842,
    "cv_f1_std": 0.0053,
    "confusion_matrix": [
      [
        71,
        2
      ],
      [
        0,
        81
      ]
    ],
    "roc_fpr": [
      0.0,
      0.0,
      0.0,
      0.0,
      0.0,
      0.0,
      0.0,
      0.0,
      0.0136986301369863,
      0.0136986301369863,
      0.0136986301369863,
      0.0136986301369863,
      0.0273972602739726,
      0.0273972602739726,
      0.273972602739726,
      0.3013698630136986,
      0.3287671232876712,
      0.3561643835616438,
      0.4931506849315068,
      0.5205479452054794,
      0.5342465753424658,
      0.5753424657534246,
      0.6575342465753424,
      0.684931506849315,
      1.0
    ],
    "roc_tpr": [
      0.0,
      0.012345679012345678,
      0.08641975308641975,
      0.12345679012345678,
      0.14814814814814814,
      0.25925925925925924,
      0.2839506172839506,
      0.48148148148148145,
      0.48148148148148145,
      0.5185185185185185,
      0.5679012345679012,
      0.9876543209876543,
      0.9876543209876543,
      1.0,
      1.0,
      1.0,
      1.0,
      1.0,
      1.0,
      1.0,
      1.0,
      1.0,
      1.0,
      1.0,
      1.0
    ],
    "best_params": {
      "learning_rate": 0.1,
      "max_depth": 6,
      "n_estimators": 200
    }
  },
  "MLP": {
    "accuracy": 0.9091,
    "precision": 0.9241,
    "recall": 0.9012,
    "f1": 0.9125,
    "auc_roc": 0.9765,
    "cv_f1_mean": 0.9553,
    "cv_f1_std": 0.0214,